{
	"name" 		: "Weather By IP",
	"author" 	: "Brad Wood <brad@codersrevolution.com.com",
	"version"	: "1.0.0",
	"slug"		: "weather-lookup-by-ip",
	"shortDescription" : "Look up local weather by IP address.",
	"type"		: "modules",
	"engines"	: [
		{ "type" : "railo", "version" : ">3.1" },
		{ "type" : "adobe", "version" : ">9.0" },
		{ "type" : "coldbox", "version" : ">4.0" }
	],
	"testbox" 	: {
		"runner" : {}
	},
	"dependencies" : {
		"geolocation-lookup-by-ip" : "2.0.0"
	}
}

